{
  "users": [
    {
      "id": 1,
      "name": "Kedar",
      "login": "log",
      "password": "pass"
    },
    {
      "login": "123",
      "password": "123",
      "id": 2
    }
  ],
  "history": [
    {
      "id": 1,
      "speed": 8,
      "dist": 16,
      "time": 2,
      "steps": 18229
    },
    {
      "id": 2,
      "speed": 4,
      "dist": 12,
      "time": 3,
      "steps": 21708
    },
    {
      "id": 3,
      "speed": 6.67,
      "dist": 10,
      "time": 1.5,
      "steps": 18557
    },
    {
      "id": 4,
      "speed": 6,
      "dist": 12,
      "time": 2,
      "steps": 13927
    },
    {
      "id": 5,
      "speed": 20,
      "dist": 4,
      "time": 0.2,
      "steps": 2064
    }
  ]
}